start	end	text
7410	21420	Queridos, vamos abrir a Palavra de Deus no livro de Gênesis, livro dos princípios, capítulo 1, Gênesis capítulo 1.
22800	27200	E, por gentileza, deixe a sua Bíblia aberta aí.
27260	31080	Nós iremos do verso 14 até o final do capítulo, verso 31.
32300	36620	E nós iremos fazendo a leitura à medida que a exposição prossegue.
37680	41000	Gênesis capítulo 1, nós vamos de 14 a 31.
41000	47260	Nós estamos, assim, dando continuação à nossa série de mensagens nesse livro tão querido.
47750	52460	É o primeiro livro da Bíblia, é o primeiro dos cinco livros de Moisés, o Pentateuco.
53200	59560	Alguns pontos importantes para a nossa compreensão desse livro já foram destacados nas mensagens anteriores.
60190	64640	Ele foi escrito por Moisés durante aquele período de 40 anos no deserto,
64660	70980	mas, propriamente, durante o tempo que eles estavam próximos a atravessar o Rio Jordão,
71000	77000	para a Terra Prometida, nas campinas de Moab, à altura da cidade de Jericó, do outro lado do rio.
77540	86120	E o alvo de Moisés, ao registrar tudo isso, era preparar os israelitas para entrar na Terra Prometida,
86240	93680	uma terra que era povoada por povos pagãos, povos que não conheciam a Deus, tinham seus deuses,
93740	98600	os seus costumes, suas práticas, a sua cultura, praticavam idolatria abominável.
99080	100280	E, ao mesmo tempo...
101000	107720	Os israelitas tinham passado 400 anos no Egito, uma cultura completamente adversa,
108460	112160	antagônica ao conceito monoteísta de que havia um só Deus,
112300	117500	e que também tinha práticas e costumes bem contrários à vontade de Deus.
118160	123900	Então, era preciso preparar esse povo para, ao entrar na Terra Prometida,
124000	128640	eles vivessem de acordo com o querer de Deus, e que fosse realmente o povo de Deus,
128740	130900	o povo da aliança, o povo distinto que Deus...
131000	132340	separou de todas as nações.
132720	136480	Daí, a necessidade de deixar por escrito a vontade de Deus,
137200	140340	que é também a razão pela qual Deus nos deixou a Bíblia,
140420	145000	para que nós aprendamos aqui, na sua revelação, quem Ele é, quem nós somos,
145160	147700	o que Ele deseja de nós e de que maneira nós devemos viver.
147960	151740	É isso que Moisés fez durante aquele tempo no deserto.
151800	156440	Ele escreve os cinco livros, começando com esse livro, que é o livro de Gênesis,
156460	160780	com o propósito de reorientar a visão teológica dos israelitas,
161000	163220	a sua cosmovisão, maneira de ver o mundo,
163340	168980	e especialmente mostrar que o Deus de Israel é superior a todos os deuses pagãos.
169020	171760	Os deuses dos egípcios, onde eles viveram,
171760	175440	e os deuses dos cananeus, onde eles haveriam de viver.
175900	182920	Moisés começa a sua narrativa descrevendo a criação dos céus e da terra no princípio.
182920	183680	Versos 1 e 2.
183920	187600	No princípio, criou Deus os céus e a terra. Nós já vimos isso.
188040	190980	E, com essa descrição simples, Moisés escreveu isso.
191000	194400	Moisés mostrou que Deus é eterno, que Ele é todo poderoso,
194480	197360	que Ele é pessoal, que Ele é distinto da sua criação,
197500	202140	que Ele criou todas as coisas do nada, somente possui a palavra,
202420	206260	e que, portanto, o mundo não é eterno, nem é autoexistente.
206660	211980	E teve uma época em que não havia nada, somente Deus, que sempre existiu.
211980	214840	Ele que trouxe à existência tudo o que há.
215300	218680	E Deus teve um propósito ao fazer isso.
218680	223780	Ele teve um propósito na maneira como Ele criou todas as coisas,
224680	228980	revelando aos poucos o seu querer, ordenando a matéria,
229060	233400	e começando a preparar o ambiente para o ápice da sua criação,
233400	238100	que só vai ser revelada no sexto dia, que é exatamente o homem, como nós veremos hoje.
238600	243640	Ele cria a luz, separa a luz das trevas e nomeia luz e trevas.
243800	247300	Ele cria o firmamento, separa as águas de baixo e de cima,
247300	252200	ajunta as águas de baixo, faz aparecer a parte seca e nomeia,
252240	258660	e faz essa terra seca produzir relva, ervas, plantas e árvores frutíferas
258660	261800	para servir de alimento para o que vem em seguida,
261900	263040	que é o que nós vamos ver hoje.
263240	266560	Ou seja, Ele tinha um design, Ele tinha um propósito
266560	272680	nas etapas em que Ele processa a formatação da matéria que Ele criou do nada.
273000	275720	Isso Ele fez em três dias de trabalho humano.
275720	277760	Nós já tratamos da questão dos dias.
278000	282440	E Ele fez isso tudo muito bom, nos três primeiros dias.
282700	286460	E agora nós veremos hoje os três dias seguintes,
286460	291480	quando Deus então preenche com vida esse mundo bonito que Ele criou,
291560	297000	que Ele organizou e que Ele preparou de maneira tão maravilhosa e misteriosa,
297080	298140	é o que nós veremos hoje.
298680	301240	Vamos ver então, em primeiro lugar, o quarto dia,
301420	305700	quando Deus cria o sol, a lua e as estrelas.
305720	307520	Versos 14 a 19.
307800	311320	Disse Deus que haja luzeiros no firmamento dos céus
311320	314360	para fazerem separação entre o dia e a noite,
314560	318680	sejam eles para sinais, para estações, para dias e anos,
318860	322640	e sirvam de luzeiros no firmamento dos céus para iluminar a terra.
322960	323880	E assim aconteceu.
324720	328740	Deus fez os dois grandes luzeiros, o maior para governar o dia
328740	332920	e o menor para governar a noite, e fez também as estrelas
332920	335700	e os colocou no firmamento dos céus.
335700	339080	O firmamento dos céus para iluminarem a terra,
339260	341500	para governarem o dia e a noite,
341660	345180	e para fazerem separação entre a luz e as trevas.
345440	350820	E Deus viu que isso era bom e houve tarde e manhã o quarto dia.
351540	359240	Aqui, nesse dia, Deus então cria o que nós conhecemos como sol, lua e as estrelas.
359640	362240	Quais são os pontos centrais dessa narrativa aqui?
362400	364500	O que é que Moisés quer destacar aqui?
364500	365840	E o que é que nós podemos aprender?
366080	372960	Primeiro, que Deus cria os luzeiros no firmamento somente pela sua palavra.
373960	378940	Eu sei que há teorias de todos os tipos para explicar a origem do cosmos,
379260	384380	como nós o vemos, da terra, o universo profundo e misterioso.
384660	389580	Do ponto de vista bíblico, histórico, é uma criação de Deus.
389760	393640	Deus falou e os luzeiros apareceram.
393640	396840	Eles são referidos aqui como alguém, como eu disse,
396900	400260	isso é uma das condições para a gente entender Gênesis,
400280	404300	Moisés fala como se ele estivesse na terra vendo tudo acontecer.
404940	410000	Então, da perspectiva de Moisés, o que ele via, ou o que alguém teria visto,
410160	413720	era simplesmente naquele espaço que Deus havia criado,
413740	416980	que separa as águas e que ele deu o nome de firmamento,
417120	422800	de repente aparecem essas coisas brilhantes, esses luzeiros, essas luzes.
422800	426700	Era isso, a narrativa é da perspectiva do observador.
427100	429880	É claro que hoje, pelo avanço da ciência,
429960	433380	a gente tem condição de saber que o que parece ser uma simples descrição,
433620	437260	Deus criou o sol, criou o maior, criou o luminar menor,
437420	443400	e numa breve frase, e fez as estrelas, está descrevendo a criação do cosmos.
444540	448800	Bilhões e bilhões de estrelas, de sóis, de planetas,
448800	451740	que a gente não consegue ver o fim deles.
451740	453960	A gente não tem ideia da dimensão.
454020	458380	E tudo isso é resumido numa frase, e fez também as estrelas.
458700	465620	Então, o foco aqui é que Deus é o autor de toda essa realidade maravilhosa que nós vemos.
465680	472040	Pela sua palavra, ele agora enche o firmamento com luzes, luzes.
472400	477600	E o objetivo delas, diz aqui, era para governar o dia e a noite.
477840	480960	Aqui é importante a gente notar que,
480960	485360	quando Moisés fala que o sol governa o dia e a lua governa a noite,
485520	491400	é governar no sentido de marcar quando termina um e quando começa o outro.
491500	495160	A alternância do dia e da noite, da luz e das trevas.
495280	499460	O sol e a lua não tem qualquer influência no destino dos homens.
499560	501100	E nem as estrelas.
501240	505320	Como se cria lá no Egito, e como os cananeus acreditavam,
505340	507180	que as estrelas determinavam o futuro.
507320	508720	E até hoje tem gente que acredita.
509700	511720	Que as estrelas vão determinar o futuro.
512080	514740	Dependendo do dia em que você nasceu, o seu signo.
514760	517020	E o danado é que tem crente que vê o horóscopo.
517060	518300	Não é isso que me deixa nervoso.
518640	521080	Tem crente que vai ver ainda esse negócio.
521880	528520	Mas Deus, pela sua palavra, ele traz a existência, esse cosmos maravilhoso,
530000	532840	para orientar, para fazer a divisão do dia e da noite,
532900	534860	para regular todas as coisas.
535040	538640	Ele diz aqui, Moisés fala, que Deus tinha três objetivos.
538640	540920	Quando ele cria os luzeiros.
540980	543800	Primeiro, separar e assim governar dia e noite.
544540	546340	Iluminar a terra de dia e de noite.
546620	552020	E servir de sinais para marcar estações, dias e anos.
552200	556660	Isso aqui é a base que mais adiante Moisés vai ter,
556740	558480	quando ele diz ao povo de Israel,
558620	561460	Deus mandou que você guarde um determinado dia.
561660	563960	Que você guarde a festa da lua nova.
564080	567820	Que você guarde essas festas aqui, de acordo com o calendário.
568640	574660	Então, ao fazer essas luzes e ao ordenar o tempo,
574760	577420	a sequência de dias e anos e estações,
577480	580600	Deus estava também preparando o homem, mais adiante,
580600	582320	para o calendário litúrgico.
582520	585200	O calendário litúrgico da nação de Israel.
585400	587860	Onde eles tinham que guardar determinados dias,
587940	591800	exatamente para lembrar a origem de todas estas coisas
591800	595200	e o poder de Deus sobre as estações e sobre o tempo.
595400	597720	E sobre o tempo, especificamente.
598640	600260	Tudo se fez, Moisés diz aqui,
600460	603800	e tudo aconteceu exatamente como Deus diz.
603960	606480	Porque Ele fala e não tem questionamento.
606740	610500	A palavra de Deus, ela comanda de maneira irresistível.
610600	611820	Ele falou e tudo aconteceu.
612160	613760	E Deus então avalia.
613960	616120	E Ele viu que o que tinha feito era bom.
616460	618540	Bom porque é de acordo com o seu propósito.
618640	621660	Bom porque está preparando o universo para a chegada do homem.
621900	624820	Bom porque tem a sua finalidade cumprida.
625440	628300	E aí Moisés diz, termina o quarto dia.
628640	631680	Houve tarde e manhã do quarto dia.
631860	633440	Duas observações breves aqui.
633960	635700	Não sei se vocês perceberam,
635720	638300	mas diferente do que aconteceu antes,
638480	641520	Deus não dá nome aos luzeiros.
641740	645220	Ele simplesmente chama o luzeiro maior para governar o dia
645220	648200	e o luzeiro menor para governar a noite.
648380	649620	E fez as estrelas.
651000	654900	Nos dias anteriores, Ele deu nome às coisas que Ele criou.
654960	656540	Mas aqui Ele nem nomeia.
656620	657680	Talvez a razão seja,
657680	663500	porque o sol e a lua eram as principais divindades adoradas no Egito.
663640	668060	O sol era o deus Ra e a lua era a deusa Thoth.
668280	672020	Então talvez por isso Moisés nem menciona,
672020	673600	Deus nem nomeia os dois.
673760	677260	Como se dissesse assim, são meras criaturas.
677720	681520	Lá no Egito vocês adoravam coisas que Deus nem nomeou.
681580	685480	Deus nem deu nome só para mostrar que são criaturas.
685540	686580	As estrelas.
687240	689900	Eram vistas pelos povos pagãos, eu já mencionei,
689900	691520	como aquilo que determinava o destino.
694140	698600	Hoje, horóscopo, consultar as estrelas ou astrologia,
698600	700060	que também é uma coisa muito popular,
700260	703020	especialmente no meio do povo brasileiro, que é muito místico.
703100	706740	É como se Deus dissesse, as estrelas não controlam a vida de vocês.
707540	711520	Eu criei pela minha palavra para marcar as estações,
711560	713700	para guiar o tempo, orientar o tempo.
713780	715920	Não tem nada a ver, não tem influência nenhuma.
716580	719020	Na vida de vocês, como vocês aprenderam lá no Egito.
719460	724300	Uma segunda observação aqui, é que do ponto de vista bíblico,
724300	726480	a Terra é o centro do universo.
727920	734960	Deus criou a Terra e só depois que Ele criou Sol, Lua, Estrela, Planeta, Cometa,
734960	738840	bilhões de planetas e estrelas para iluminar o firmamento.
739740	742040	Só para pintar o firmamento.
744600	745840	Teologicamente falando,
745840	748100	o centro do universo é a Terra.
748220	750780	Claro que cientificamente falando, evidentemente que não.
750960	756080	Nossa Terra é um planetinha que gira em torno de uma estrela gigantesca,
756080	762260	e que é apenas um grão de areia comparado com outras estrelas enormes,
762260	765440	que estão distantes de nós, a uma distância inimaginável.
765980	768680	Mas lembra que eu digo sempre, o que eu falei aqui,
768780	773420	para você entender Gênesis, você tem que entendê-lo da perspectiva do observador.
773760	775720	Gênesis foi escrito dessa maneira.
776240	778220	Então, para quem está na Terra,
778900	782840	todas as estrelas, todo o vasto cosmos foi criado por Deus
782840	785580	para embelezar o dia e a noite do homem,
785700	787980	que é a coroa da sua criação.
788720	790240	A coroa da sua criação.
790420	791960	E é assim que a gente deve viver.
792280	795460	Sem desprezar, é claro, os avanços maravilhosos
795460	798280	que nos permitem conhecer a vastidão do universo de Deus,
798340	801480	mas toda vez que a gente olha para a vastidão do universo de Deus,
801620	805240	a gente diz assim, que maravilha do poder de Deus,
805240	807700	que variedade, que poder extraordinário,
807700	809600	que sabedoria fez tudo isso
809600	812860	só para fazer com que minha noite fosse estrelada.
813700	817300	Só para que eu pudesse namorar a luz da lua.
817960	821620	Só para que eu pudesse curtir a natureza durante um sol bonito.
822660	825060	Deus fez tudo isso pensando em nós.
825700	827260	Tudo isso pensando em nós.
827660	829080	Vamos para o quinto dia.
829200	832340	Está aí do verso 20 até o verso 23.
834640	835920	E Deus disse,
835920	840100	Que as águas sejam povoadas de enxames de seres vivos,
840100	841800	e que as aves voem sobre a terra,
841940	843360	sob o firmamento dos céus.
844000	847120	Assim Deus criou as grandes criaturas marinhas,
847280	849680	e todos os seres vivos que se movem,
849700	852800	os quais povoam as águas segundo as suas espécies,
852880	854980	e todas as aves segundo as suas espécies.
855220	857420	E Deus viu que isso era bom,
857600	859560	e Deus os abençoou, dizendo,
859800	863940	Sede fecundos, multiplicem-se e encham as águas
863940	868060	dos mares, e na terra se multipliquem as aves.
868120	870860	Houve tarde e manhã o quinto dia.
871120	875680	Aqui no quinto dia, Deus cria os seres aquáticos e as aves.
875680	879360	Mais uma vez, somente pela sua palavra.
879680	882300	Ele determina e eles aparecem.
882600	885860	Moisés aqui classifica a vida que foi criada
885860	889200	em primeiro, seres que se movem nas águas.
889400	891500	É uma descrição muito vasta,
891500	894540	que incluiria desde peixe até camarão,
894560	897320	água-viva, golfinho, baleia,
897340	900320	todo ser vivo que cruza pelas águas.
900320	902920	Água dos mares, dos rios, dos lagos,
902960	905540	tudo foi criado ali pela palavra de Deus,
905580	907880	como enxames, mais literalmente,
907980	909680	enxames de seres vivos.
910700	913280	E ele também menciona, curiosamente aqui,
913360	915980	uma expressão que tem dado dor de cabeça para os intérpretes.
916060	918200	As grandes criaturas marinhas.
918860	920620	Na mitologia dos cananeus,
920620	925100	aquele povo que habitava a terra onde Israel ia morar,
925160	928840	os cananeus eram os temidos dragões do mar,
929560	932200	que eram inimigos do deus Baal,
932220	933580	que era o deus da fertilidade.
933780	937400	Baal estava o tempo todo brigando com os dragões do mar.
938620	941880	E os autores bíblicos, curiosamente,
941880	944620	não só Moisés aqui, mas também Isaías,
944680	946740	o livro dos Salmos e no livro de Jó,
946860	950600	eles usam essa terminologia que os pagãos usavam,
950600	952040	para descrever esses seres.
952700	956660	Então, lá no Salmos 74, versos 13 a 14,
956960	960900	o salmista fala dos monstros marinhos e do leviatã,
961700	963480	que ninguém sabe que bicho é.
963940	967020	Ninguém sabe quem são os monstros marinhos e nem o leviatã.
968320	972100	Isaías, no capítulo 27 do seu livro, no verso primeiro,
972300	976420	ele fala que Deus vai ferir a cabeça do dragão,
976420	979900	do monstro, da serpente veloz e sinuosa,
979900	980720	que mora no mar.
981440	982920	Que bicho era esse?
983040	985100	As hipóteses estão abertas para hipóteses.
985420	985960	Dinossauros?
986280	990160	Alguns acham que aqui é referência aos primeiros dinossauros.
990880	991420	Baleia?
992060	992600	Tubarões?
992960	994400	Alguma espécie extinta?
994560	995420	Não sabemos.
996040	1000260	Mas o ponto é que o que quer que seja esse bicho,
1000340	1002060	esse monstro, esse leviatã,
1002180	1004040	ele foi criado por Deus.
1004140	1006160	Ele não está em conflito com Deus,
1006240	1008080	como na mitologia pagã,
1008080	1010800	que os dragões do mar enfrentavam o Deus Baal.
1011340	1011820	Não.
1012080	1015820	Eles estão debaixo de Deus e debaixo do poderio de Deus.
1015980	1018680	Eles foram criados por Deus e estão sujeitos a Ele,
1018740	1020220	não em revolta contra Ele.
1020340	1022660	Dessa forma, Deus, então, enche as águas.
1023320	1027300	Ele enche as águas de enxames de seres vivos de todo tipo.
1027800	1029640	Em seguida, Ele enche o firmamento.
1029640	1031900	E dessa feita, com outro tipo de ser vivo,
1032040	1033880	que é chamado aqui de aves.
1034000	1036080	Elas deveriam voar sobre a terra
1036080	1038360	e debaixo do firmamento do céu.
1038960	1043840	Peixes, seres vivos, enxames de seres vivos aquáticos
1043840	1046080	e agora também as aves,
1046100	1049080	enchendo a água e enchendo o firmamento
1049080	1052500	que foram criados e separados poucos dias antes.
1052920	1054780	E diz aqui que Deus os abençoou.
1054940	1060480	E abençoar aqui significa dar a capacidade de reproduzir.
1060640	1064240	Ele determinou que os seres vivos que estavam nas águas
1064240	1065640	se multiplicassem,
1066080	1067020	enchessem as águas.
1067220	1070280	Deus os cria já com poder de reprodução
1070280	1073200	para que eles não tenham que todo dia criar de novo.
1073460	1078240	Ele já cria inserindo no próprio DNA,
1078440	1081000	na própria genética dos seres que Ele criou,
1081080	1083240	a capacidade de se reproduzir.
1085200	1089180	E a mesma coisa Ele fez com as aves.
1089460	1092180	Ele manda que elas também se multipliquem,
1092200	1094900	que encham e voem sobre a terra,
1094900	1096880	enchendo todo o firmamento.
1097260	1102820	E Deus os cria, Moisés diz aqui, segundo as suas espécies.
1103700	1105940	Peixe é peixe, ave é ave.
1106080	1107940	Eles não têm um ancestral comum,
1108160	1110280	se você vai ler o livro de Gênesis,
1110280	1111580	conforme está escrito aqui.
1111700	1113980	Se você recebe o livro de Gênesis como histórico,
1114140	1116720	ave é uma coisa e peixe é outra.
1116940	1120540	Não são originados de um ancestral comum,
1120780	1123060	como se quer dizer por aí.
1123060	1126660	Mas eles foram criados segundo as suas espécies.
1126900	1129460	E é claro que esse mesmo Deus que criou
1129840	1134440	os primeiros seres vivos do mar e do ar
1134940	1137940	e os dotou com capacidade de reprodução,
1138000	1141300	também os dotou com capacidade de adaptação.
1141640	1144340	Porque dentro da mesma espécie,
1144460	1146700	esses seres, eles se adaptaram
1146700	1150260	e eles fizeram variações e alterações entre si,
1150300	1152420	coisa que nós chamamos de microevolução.
1152420	1155380	E contra o que nós não temos o menor problema.
1155560	1158580	É claro que existe adaptação entre as espécies.
1158700	1161640	É claro que existem mudanças com o decorrer do tempo
1161640	1164960	nas espécies, mas elas sempre são espécies.
1165640	1169280	Ave sempre foi ave e peixe sempre foi peixe.
1169680	1172720	Embora haja essa variedade enorme,
1173160	1175020	que nós nem temos ideia,
1175060	1177780	dentro dessas espécies que foram criadas por Deus.
1177880	1181420	Mas isso já faz parte da riqueza e do poder.
1181420	1183860	Da sabedoria de Deus.
1183960	1186420	Deus termina dizendo que a sua criação,
1187240	1190000	ele diz aqui, Deus viu o que tinha feito
1190000	1191700	e eis que era bom.
1192980	1195560	Bom porque está cumprindo o seu propósito,
1195620	1197860	bom porque Deus está preparando a casa
1197860	1199300	para a chegada da estrela,
1199320	1203000	a chegada daquele que é realmente a razão
1203000	1205500	pela qual ele está fazendo todas estas coisas.
1205980	1209180	E assim termina o quinto dia, diz aí o verso 23,
1209380	1210740	houve tarde e manhã,
1210740	1213760	o dia quinto, o quinto dia.
1213940	1216080	E nós vamos agora para o sexto dia.
1216560	1220520	Nesse dia Deus cria os animais e ele cria o homem.
1220740	1222820	Vamos começar com a criação dos animais,
1222820	1224960	verso 24 ao verso 25.
1225640	1229540	E Deus disse que a terra produz a seres vivos
1229540	1230800	conforme a sua espécie.
1231520	1234000	Animais domésticos, animais que rastejam
1234000	1236480	e animais selvagens segundo a sua espécie.
1236640	1237580	E assim aconteceu.
1237580	1241660	E Deus fez os animais selvagens segundo a sua espécie
1241660	1244420	e os animais domésticos conforme a sua espécie
1244420	1248500	e todos os animais que rastejam sobre a terra segundo a sua espécie.
1248700	1251640	E Deus viu que isso era bom.
1251920	1254700	Aqui nós temos o relato da criação dos animais
1254700	1258560	que são trazidos à existência somente pela palavra de Deus.
1258740	1260600	Eles são produzidos da terra.
1260840	1262600	Produza a terra, diz Deus.
1262740	1265520	E da terra brotam os primeiros animais.
1265520	1267920	Deve ter sido uma visão extraordinária.
1268580	1272060	Aqueles animais belíssimos brotando da terra
1272060	1274520	conforme Deus havia determinado.
1275200	1277440	A gente não tem ideia de como isso aconteceu.
1277660	1281480	Mas há essa ligação da vida animal com a terra.
1281760	1285400	Deus os cria, pela sua palavra, produzidos da terra
1285400	1289240	como as plantas que foram também criadas da terra no dia anterior.
1290180	1293520	Deus cria essa vida animal com uma grande variedade.
1293520	1294800	Chama de seres vivos.
1294800	1297720	E aqui essa descrição dos seres vivos
1297720	1301520	é a descrição de um pastor nômade do Antigo Oriente.
1302180	1304760	Que não conhece todas as espécies.
1305000	1305720	Não sabe.
1305820	1307780	Então ele vai descrever aquilo que ele conhece.
1307840	1309420	Ele está descrevendo aquilo que ele conhece.
1309460	1311260	Então ele chama de animais domésticos.
1311380	1313780	Que provavelmente se refere ao gado.
1313800	1315920	E aqui tem ovelha, cabra, boi.
1316120	1319600	Inclui cavalo, inclui camelo, inclui cães.
1320020	1322540	Interessante que o gato nunca é mencionado na Bíblia.
1322560	1324500	Para desespero de dono de gato aqui.
1324500	1325340	Que gosta de gato.
1325800	1327680	Eu também gosto de gato.
1327840	1330400	O gato que eu mais gosto é o chinês.
1330520	1331360	Que mora na China.
1331680	1332860	Então está lá e eu aqui.
1333400	1336640	Mas é interessante que na Bíblia não tem a palavra gato.
1336680	1339920	Talvez porque fosse uma das divindades do Egito.
1340320	1342580	Os egípcios adoravam o gato.
1342800	1344520	E era um animal sagrado.
1344540	1345660	Mas nem menciona aqui.
1345820	1347820	De qualquer forma também não menciona o cachorro.
1349020	1351500	O argumento aqui é só ilustrativo.
1352180	1353800	Não pode ser levado a ferro e fogo.
1353800	1355200	Mas animais domésticos.
1355200	1357020	Aqueles que coabitam com o homem.
1357520	1359000	Servem ao homem de maneira próxima.
1359100	1362220	Depois ele menciona animais que rastejam pelo chão.
1362460	1365520	E aí tem répteis, roedores, lagartixa.
1365660	1367520	Cobra, inseto, escorpião.
1367600	1368880	É muito grande.
1369160	1371800	O conhecimento é claro de Moisés.
1371940	1373280	Ele era limitado.
1373280	1376400	Como um pastor nômade daquela região.
1376700	1379320	Ele está descrevendo de acordo com o que ele conhecia.
1379500	1381280	E os animais selvagens.
1381660	1382340	Carnívoros.
1382340	1384760	Como leões, leopardos.
1384760	1385520	E outros não.
1385580	1388240	Como os veados, corças, gazelas.
1388280	1390640	Que eram tão populares ali naquela região.
1390760	1392540	A lista não é exaustiva, é claro.
1392740	1394940	E nós não sabemos como encaixar alguns.
1395300	1396800	Por exemplo, tem animais.
1397160	1399080	Tem gatos que são domésticos.
1399080	1400480	E gatos que são selvagens.
1400680	1402440	Tem cães que são selvagens.
1402460	1403540	E cães que são domésticos.
1403660	1405140	Então como encaixar aqui nessa lista?
1405240	1405900	A gente não sabe.
1406060	1407320	Ela não é exaustiva.
1407460	1411060	Ela pretende apenas dizer que todo ser vivo.
1411060	1412640	Que há.
1412740	1414780	Ele foi criado pelo poder de Deus.
1414860	1416700	Foi criado segundo as suas espécies.
1416780	1419600	Foi criado segundo essa classificação geral.
1419700	1422500	Nessa taxonomia antiga oriental.
1422520	1423980	De animais selvagens.
1424000	1425020	Animais domésticos.
1425020	1426200	E animais que se arrastam.
1426300	1428740	Antes ele tinha falado de seres que vivem nas águas.
1428820	1430340	As aves que voam pelos céus.
1430460	1434820	É a classificação da vida do antigo oriente.
1434980	1438180	Era assim que um observador faria essa descrição.
1438320	1439880	Deus os cria mais uma vez.
1439880	1440960	Segundo a sua espécie.
1441020	1443240	Com capacidade de reprodução.
1444360	1448100	E com capacidade de variação e adaptação.
1448180	1451180	Nós temos muitos tipos de cachorros.
1451400	1451900	Claro.
1452040	1455600	Deus não criou todos os tipos de uma vez só.
1455800	1458420	Ele criou os primeiros.
1458640	1460300	Eles se desenvolveram.
1460320	1461100	Se adaptaram.
1461480	1462820	Mudaram com o tempo.
1463760	1464920	É o que a gente chama.
1464940	1466680	Já falamos da microevolução.
1466700	1467320	Contra o quê?
1467340	1468040	Não tem nenhum problema.
1468040	1469840	Deus viu o que tinha criado.
1469860	1471640	E disse que era bom.
1471920	1474540	E assim não termina o dia.
1474740	1477840	Porque ainda tem alguma coisa que precisa ser feita.
1477960	1479820	E agora chegou o clímax da narrativa.
1480320	1482400	Quando ainda no sexto dia.
1482840	1484740	Deus resolve criar um ser.
1485460	1487780	Diferente de tudo que ele tinha criado até agora.
1488940	1490900	Vamos ler do verso 26 a 31.
1492520	1493560	E disse Deus.
1493900	1496100	Façamos o ser humano a nossa imagem.
1496400	1497940	Conforme a nossa semelhança.
1498040	1500440	Tenha ele domínio sobre os peixes do mar.
1500500	1501700	Sobre as aves dos céus.
1501740	1503100	Sobre os animais domésticos.
1503100	1504040	Sobre toda a terra.
1504320	1507780	E sobre todos os animais que rastejam pela terra.
1508320	1510600	Assim Deus criou o ser humano a sua imagem.
1510840	1512140	A imagem de Deus o criou.
1512340	1513680	Homem e mulher os criou.
1513880	1515300	E Deus os abençoou.
1515300	1515780	E lhes disse.
1515840	1516740	Sejam fecundos.
1517180	1517780	Multipliquem-se.
1517840	1518620	E encham a terra.
1518880	1519440	Sujeitem-na.
1519680	1521760	Tenham domínio sobre os peixes do mar.
1521840	1522940	Sobre as aves dos céus.
1523020	1525100	Sobre todo animal que rasteja pela terra.
1525380	1526440	E Deus disse ainda.
1526740	1527820	Eis que lhes tenho dado.
1527820	1530300	Todas as ervas que dão semente.
1530300	1532460	E se acham na superfície de toda a terra.
1532680	1535700	E todas as árvores em que há fruto que dê semente.
1535780	1537440	Isso servirá de alimento para vocês.
1537720	1539680	E para todos os animais da terra.
1539840	1541060	Todas as aves do céu.
1541160	1543400	E todos os animais que rastejam sobre a terra.
1543520	1544960	Em que há fôlego de vida.
1545320	1547920	Toda erva verde lhes servirá de alimento.
1548180	1549200	E assim aconteceu.
1550120	1552220	Deus viu tudo o que havia feito.
1552360	1555000	E eis que era muito bom.
1555460	1557160	E houve tarde e manhã.
1557160	1558480	O sexto dia.
1558840	1560880	Aqui Deus resolve criar um ser.
1561480	1565380	Completamente diferente de todos os que ele havia criado até agora.
1565980	1568420	E pela primeira vez ele fala no plural.
1569820	1571000	Tudo antes é.
1571020	1571660	Deus disse.
1571760	1572200	Deus disse.
1572260	1574420	Dez vezes aparece nesse texto todo.
1574540	1575140	Deus disse.
1576260	1579360	Mas agora pela primeira vez aparece a expressão.
1579660	1580300	Façamos.
1580560	1581400	No plural.
1583140	1586080	Várias explicações têm sido dadas pelos estudiosos.
1586080	1588240	Primeiro isso aqui é um plural de majestade.
1588720	1591920	É um recurso retórico gramatical.
1592500	1594080	Você vê as vezes alguns deputados.
1594620	1596360	Algumas pessoas públicas dizendo assim.
1596760	1600300	Nós queremos nessa noite agradecer.
1600320	1601000	Falando no plural.
1601320	1604160	Porque sua pessoa é tão majestosa que é mais do que um.
1604320	1604720	Nós.
1605240	1609160	Fala com majestade como se ele fosse corporativo.
1609640	1614360	Então alguns acham que Moisés usou esse tipo de retórica para falar.
1614360	1615760	Mas por que só aqui então.
1616240	1617860	Deus já tinha dez vezes.
1617960	1618920	Deus disse.
1620820	1622220	Por que no singular.
1622320	1623100	Porque não no plural.
1623400	1624080	Antes também.
1624200	1625940	Porque só aqui quando ele vai criar o homem.
1626740	1628800	Segunda opção é que ele está falando com os anjos.
1629020	1630420	No conselho de anjos.
1630580	1631800	Mas aí não faz sentido dizer.
1632000	1634640	Façamos o homem a nossa imagem e semelhança.
1634700	1636840	O homem não é imagem e semelhança dos anjos.
1637900	1639520	Então não se refere aos anjos.
1639760	1644020	O mais provável é que nós temos aqui já uma indicação ainda que sutil.
1644020	1647000	Da pluralidade de pessoas que há em Deus.
1647120	1649000	E que já foi indicado no verso 2.
1649060	1653060	Quando disse que o espírito de Deus pairava sobre as águas.
1653100	1653580	Verso 1.
1653620	1654260	Deus criou.
1654360	1655080	Verso 2.
1655180	1657720	O espírito de Deus pairava sobre as águas.
1658080	1660680	A Moisés já vem dando aqui.
1660720	1661380	Aqui e acolá.
1662080	1663120	Algum reflexo.
1663120	1664800	De que no ser de Deus.
1665200	1666220	Existem pessoas.
1666800	1668460	Espírito Santo já foi nomeado.
1668740	1672240	Mais adiante vai aparecer no livro de Gênesis a outra pessoa.
1672480	1673760	Mas nós vamos esperar chegar até lá.
1674020	1678680	Então façamos aqui já a ponta para o ser plural de Deus.
1678720	1682740	Existe um só Deus em quem subsistem algumas pessoas.
1682900	1684440	Ainda o número não está definido aqui.
1684520	1685780	Mas mais adiante vai ficar claro.
1685820	1688720	São três pessoas que subsistem na trindade.
1689200	1695780	E esse Deus determina criar um ser que seja a sua imagem e a sua semelhança.
1696260	1699460	Vamos logo deixar claro que isso não significa que Deus tem corpo.
1700080	1702620	Porque algumas pessoas diante dessa frase.
1702620	1704780	Que Deus criou o homem a sua imagem e a sua semelhança.
1704800	1706420	Imagina então que Deus tem que ter corpo.
1706540	1707580	Já que nós temos.
1707840	1709780	Se nós somos imagem e semelhança de Deus.
1709860	1711740	Então significa que Deus também tem um corpo.
1712500	1714580	Um corpo parecido com o nosso.
1714840	1718080	Mas não é nesse sentido que o texto está falando.
1718280	1720040	Imagem e semelhança de Deus.
1720140	1723420	Porque desde o começo Moisés vem dizendo que Deus é eterno.
1723760	1725640	Que Deus sempre existiu.
1725800	1727580	E que Deus é espírito.
1727720	1730420	E que a matéria é criação dele.
1730420	1733760	E que portanto não faz sentido falar de um Deus material.
1734080	1737340	Um Deus que tem uma essência material, corpórea.
1737600	1739480	Ele é espírito eterno.
1739640	1742880	Então imagem e semelhança tem que ter alguma outra explicação.
1743460	1747200	E a explicação que nós entendemos que é melhor é essa.
1747260	1752320	Que o homem foi criado com características morais e espirituais.
1752320	1754980	Que refletem o caráter e o ser de Deus.
1755260	1760080	O ser humano é pessoal, inteligente, consciente, criativo.
1760080	1762200	E ele usa linguagem como Deus.
1762340	1764320	Disse Deus, disse Deus, disse Deus.
1764360	1768740	De toda a criação é o único capaz de falar, se comunicar.
1769220	1771720	É isso que significa imagem e semelhança de Deus.
1771840	1772840	Um ser moral.
1773100	1777960	Um ser que é amor, que é justiça, bondade e retidão.
1778120	1783780	Todos esses atributos de Deus ele confere a esse ser.
1783960	1787820	É bom lembrar que tem atributos que Deus não conferiu a esse ser.
1787860	1789940	Que é sua imagem e semelhança.
1790080	1792760	Deus é eterno.
1792980	1794060	Ele não conferiu.
1794260	1795500	O homem foi criado.
1795900	1797760	Deus é onipresente.
1797900	1798740	O homem não é.
1799040	1800340	Deus é onipotente.
1800460	1801120	O homem não é.
1801600	1802940	Deus é onisciente.
1803020	1803660	O homem não é.
1804040	1808520	Então o fato dele ser imagem e semelhança de Deus não quer dizer que ele é igualzinho a Deus.
1808720	1812660	Mas que ele tem características que refletem o ser de Deus.
1813760	1814740	O ser de Deus.
1814900	1815640	É isso que significa.
1816100	1819260	E ao fazer um ser assim, Deus tinha alguns objetivos.
1819260	1824060	Primeiro, que fosse o seu representante aqui na terra.
1825100	1831940	Na cultura de Moisés, na cultura do antigo oriente, tanto no Egito, como na Babilônia, como entre os cananeus.
1832040	1838200	Os reis, os soberanos, o faraó, era visto como representante de Deus na terra.
1838620	1841380	Por isso reinava com poder absoluto.
1841380	1846140	E só o rei, só o soberano, só o faraó era filho de Deus.
1846880	1849240	Mas agora Moisés está dizendo que Deus não é.
1849240	1852820	Deus cria que todos os homens são a imagem de Deus.
1853500	1856940	E que eles são representantes de Deus sobre a terra.
1858480	1860380	Porque mais adiante o que é que Deus vai dizer?
1860820	1862540	Dominem sobre tudo.
1863300	1863780	Tudo.
1863860	1867340	E não era só para o primeiro casal, mas para os descendentes também.
1867820	1870440	Exatamente porque eles são representantes de Deus.
1870540	1875400	A humanidade, o ser humano, ele foi criado como representante de Deus sobre toda a criação.
1875780	1876860	É isso que ele queria.
1877400	1879220	Ele queria também alguém com quem ele cria.
1879240	1880600	Que pudesse ter comunhão.
1881100	1885140	E se relacionar com ele de maneira inteligente, significativa e voluntária.
1885160	1886780	Não que Deus precisasse disso.
1887000	1891940	Porque na pluralidade de pessoas da divindade já havia diálogo.
1892000	1893000	Já havia conversa.
1893000	1894060	Pai conversa com pai.
1894180	1896440	Com filho que conversa com o Espírito Santo.
1896600	1900580	Se amam, se entendem, se comunicam.
1900600	1902140	Deus não precisava disso.
1902360	1908440	Mas ele quis fazer na sua criação um ser com o qual ele pudesse se comunicar.
1908440	1913060	De maneira inteligente, significativa, voluntária, amorosa.
1914040	1918460	Por essa razão ele fez esse ser que nós conhecemos como homem.
1919420	1923140	Deus o cria como macho e fêmea.
1923180	1925600	Esse é o terceiro ponto aqui do que nós já vimos.
1925740	1927180	Nós já vimos que Deus fala no plural.
1927620	1930180	Segundo, que ele determina criar um ser a sua imagem e semelhança.
1930260	1933000	E terceiro, que ele cria esse ser dual.
1933120	1934500	Ele não cria um ser.
1934600	1935900	Ele cria, na verdade, dois.
1935900	1939860	A palavra homem, a palavra adam em hebraico é genérico.
1939920	1941300	Designa a nossa raça.
1942140	1943720	É uma raça, é o homem.
1943840	1945400	Que a gente usa no sentido genérico.
1945500	1949200	Mas ele cria o zakar, que é o macho.
1949240	1952220	E a nikba, que é a fêmea.
1952300	1954240	São duas palavras diferentes de adam.
1955460	1959260	Então ele cria o homem, macho e fêmea.
1959260	1962380	Que foi traduzido aqui como a nossa linguagem.
1962400	1965100	Seguindo a maneira de falar hoje.
1965100	1968020	Deus criou o ser humano, homem e mulher.
1968760	1969720	Literalmente no hebraico.
1969800	1972760	Deus criou o homem, macho e fêmea.
1973000	1975600	Ou seja, iguais diante de Deus.
1975660	1977640	Porque ambos têm a imagem de Deus.
1978000	1980660	O homem e a mulher são a imagem de Deus.
1980760	1981180	Os dois.
1981740	1984200	Portanto, têm valor, dignidade e honra.
1985840	1986800	Direitos inalienáveis.
1987340	1989820	Pelo fato de serem criados a imagem e semelhança de Deus.
1989860	1991120	Vou falar disso mais adiante também.
1991620	1994560	Quando chegar o fim do sermão.
1994560	1995760	Se Deus permitir.
1997480	1998720	Mas criou diferente.
1999760	2000940	Macho e fêmea.
2000960	2001840	Homem e mulher.
2002160	2004840	Criou os distintos biologicamente.
2005260	2008940	E é aqui que a gente enraiza a nossa ideologia de gênero.
2009640	2013860	Que a biologia é quem determina o gênero.
2014080	2016180	Biologia é o que determina o gênero.
2016180	2016800	Não é a sociedade.
2017820	2019660	Não é a sua escolha.
2020260	2023180	Mas a biologia que determina quem você é.
2023220	2024540	Macho ou fêmea.
2025260	2026400	Homem ou mulher.
2026500	2028400	É assim que Deus os criou.
2029000	2030300	Iguais, porém distintos.
2031300	2036540	Se complementando biologicamente com o propósito de expressarem comunhão entre si.
2036600	2038180	Isso a gente vai ver no restante da Bíblia.
2038240	2039800	O amor do homem e da mulher.
2039940	2041220	A relação entre eles.
2041320	2042800	O relacionamento sexual.
2043620	2047140	Expressa a relação das três pessoas da trindade.
2049580	2050260	Expressa isso.
2050740	2052880	Por isso Deus os fez macho e fêmea.
2052940	2053440	E também porque.
2053440	2055880	Ele pudesse se multiplicar.
2056200	2056960	Estabelecer família.
2057120	2058100	Criar filhos.
2058540	2059360	Criar cultura.
2059440	2063280	Dar origem a um povo que fosse para o louvor e para a glória de Deus.
2063360	2065880	Tudo isso a gente vai ver no capítulo 2 com mais detalhes.
2067320	2067760	Quarto.
2067760	2069560	Ele foi feito para dominar sobre a criação.
2069600	2070520	Já falei sobre isso.
2070780	2074180	Deus manda que ele domine sobre todos os seres vivos.
2074600	2078000	Dessa forma distinguindo o homem do restante da criação.
2078120	2078820	Isso aqui é importante.
2078900	2080720	Porque hoje em dia a visão que se tem do homem.
2080820	2083420	É que ele é simplesmente um animal racional.
2084160	2085860	Ele é um animal como os outros.
2085920	2088120	Há um sentido em que nós somos animais como os outros.
2088260	2090200	Mas nós somos de um tipo diferente.
2091320	2093480	Nós somos criados de maneira diferente.
2094420	2096440	Distintos do restante da criação.
2096800	2098980	Portanto a gente tem que ver que há um valor.
2099500	2100400	Hoje em dia.
2102020	2104480	Essa diferença ela está apagada.
2104560	2106140	Exatamente porque como eu disse.
2106200	2107580	O ponto do cristianismo.
2107620	2111780	O cristianismo é uma cosmovisão de distinções.
2112320	2113920	Deus faz distinções.
2114320	2115420	Ele não é o mundo.
2115420	2116220	O mundo não é Deus.
2117340	2118460	Ele não é o homem.
2118500	2119280	O homem não é Deus.
2119440	2121280	E o homem não é os animais.
2121280	2123260	E nem os animais são como o homem.
2123400	2123880	Há uma distinção.
2124340	2124980	Há um valor.
2126760	2127480	Há um valor.
2127960	2129260	Que o próprio Jesus disse.
2129400	2130800	Se Deus sustenta as aves.
2131040	2132300	Quanto mais a vocês.
2132620	2133700	Com isso Jesus mostrou.
2133760	2136900	Que diante de Deus os homens têm mais valor do que as aves.
2136960	2140520	Porque é o único ser que ele criou a sua imagem e semelhança.
2140520	2142820	E colocou como seu representante.
2142900	2144100	Mais sobre isso daqui a pouco.
2144380	2145540	Em seguida Deus.
2146580	2148020	Deus os abençoa.
2148520	2151120	E a benção de Deus aqui tem dois aspectos.
2151140	2151560	Primeiro.
2151560	2153160	Vocês têm que se multiplicar.
2153160	2154140	Ser fecundos.
2154400	2155340	Encher a terra.
2155500	2156200	E dessa forma.
2156200	2159440	A imagem e semelhança de Deus passa para os seus descendentes.
2159620	2161200	Hoje quando alguém.
2161700	2162460	Quando um.
2165160	2167040	O óvulo é fecundado.
2167140	2168160	Ele é fecundado.
2168300	2169860	Deus não vem com um carimbo e bota.
2169860	2170900	Imagem e semelhança.
2171600	2174240	A imagem e semelhança já é passada.
2174240	2175940	Por geração ordinária.
2176080	2178320	Você já passa a imagem e semelhança de Deus.
2178360	2179840	Para os seus filhos de maneira normal.
2180400	2181340	É assim que passa.
2181900	2182800	Vai no DNA.
2183580	2185100	Vai no código genético.
2185140	2185700	Lá dentro.
2185720	2186920	A imagem e semelhança de Deus.
2187660	2188360	E assim.
2188580	2189060	Todos.
2189200	2189680	Todos.
2189680	2190140	Todos.
2190160	2193440	São feitos a imagem e semelhança de Deus.
2193940	2195220	Deus em seguida lhes.
2195860	2197240	Manda dar uma ordem.
2197800	2199960	Para que eles dominem sobre a terra.
2200060	2201860	E aqui é o que a gente chama de mandato cultural.
2202540	2205020	O ser humano deveria pesquisar a criação.
2205180	2206360	Conhecer a criação.
2206940	2209340	Usar o resultado do seu conhecimento.
2209340	2210480	Que nós chamamos de tecnologia.
2211400	2213180	Para promover o seu bem estar.
2213220	2215340	O crescimento da raça humana aqui na terra.
2216220	2217220	Desenvolvendo a cultura.
2217480	2219020	Sob a orientação de Deus.
2219160	2219900	Isso está aqui.
2220040	2221160	Nesse momento.
2221260	2222000	Quando Deus diz.
2222080	2223160	Vocês se multipliquem.
2223240	2223720	Ocupem.
2223840	2224800	Dominem a terra.
2225920	2226700	Em seguida.
2226700	2227740	Deus dá a planta.
2227740	2228640	Fruto e alimento.
2229100	2231080	Para o homem e os animais.
2231100	2231760	Mostrando assim.
2231780	2232900	Que ele tinha um designio.
2232900	2233760	Ele tinha um propósito.
2233820	2234740	Quando nos primeiros dias.
2234800	2235900	Criou todas estas coisas.
2236440	2237620	E Deus declara.
2237620	2238600	Que tudo o que ele fizera.
2238660	2239200	Em seis dias.
2239320	2241120	Era muito bom.
2241720	2242660	Pela primeira vez.
2242720	2243700	Aparece essa expressão.
2243760	2243920	Antes.
2243940	2244820	Viu Deus que era bom.
2245820	2246460	Cinco vezes.
2246740	2247200	E agora.
2247400	2248460	E viu Deus que era.
2249400	2250280	Muito bom.
2250980	2251860	Porque ele chegou.
2252000	2253560	Ao propósito de todas as coisas.
2253860	2254640	Ele nos fez.
2255240	2256420	E nos colocou.
2256420	2256940	Nesse mundo.
2257420	2257820	Maravilhoso.
2257900	2258660	Que ele preparou.
2258680	2259540	Para ser o nosso lar.
2259680	2260720	Para ser a nossa casa.
2261240	2262040	Assim termina.
2262060	2262620	O sexto dia.
2262800	2263320	E manhã.
2263960	2264780	O que que Moisés.
2264940	2265480	Queria ensinar.
2265500	2266200	Os israelitas.
2266280	2266760	E o que que nós.
2266800	2267380	Podemos aprender.
2267700	2268860	Caminhando para a conclusão.
2272000	2272400	Primeiro.
2272420	2273220	Tudo que existe.
2273520	2274360	Foi criado.
2274400	2274900	Por Deus.
2275120	2275840	Do nada.
2275840	2276800	Por sua palavra.
2277320	2277720	Portanto.
2278780	2279580	Não adorem.
2279900	2280620	Moisés falando.
2280740	2281460	Para os israelitas.
2281680	2282640	Não adorem.
2282640	2282960	O sol.
2283140	2283660	A lua.
2283800	2284740	As estrelas.
2286480	2287840	Todos os seres vivos.
2287840	2288520	Foram feitos.
2288520	2289000	Por Deus.
2289040	2290060	E são criaturas.
2290080	2290580	Portanto.
2290580	2291440	Não adorem.
2291780	2292620	O boi.
2292620	2293080	Apis.
2293220	2294060	O pássaro.
2294060	2294500	Íbis.
2294540	2295280	O crocodilo.
2295280	2295740	Do Nilo.
2295900	2296640	Como vocês.
2296700	2297140	Fizeram.
2297200	2297620	No Egito.
2297780	2298060	Vocês.
2298120	2298520	Não podem.
2298600	2299020	Mais.
2299060	2299480	Fazer.
2299620	2300120	Imagens.
2300420	2300920	Vocês.
2300940	2301260	Não vão.
2301340	2301720	Mais.
2301720	2302000	Adorar.
2302060	2302460	Imagens.
2302480	2302900	De escultura.
2303440	2303940	Porque.
2304260	2304760	Representam.
2304760	2305140	Coisas.
2305180	2305540	Que são.
2305600	2305960	Mera.
2317840	2318120	Fadанием.
2318160	2318260	Do.
2318440	2318520	Mar.
2319000	2319380	Dos.
2319500	2319880	Motos.
2320180	2320560	Mil.
2320660	2320900	Estilos.
2321200	2323140	São criaturas que foram feitas.
2323160	2323700	Por Deus.
2324660	2325040	Vocês.
2325120	2325500	Percebem.
2325520	2325680	Como.
2325740	2325760	A.
2325880	2326040	Visão.
2326280	2326660	Bíblica.
2326660	2326800	De.
2326820	2327200	Mundo.
2328280	2328660	Desmistifica.
2329240	2330000	E remove.
2330060	2330860	O pavor.
2332060	2332940	E o medo.
2333080	2333320	Que as.
2333420	2333780	Pessoas.
2333780	2334100	Tem.
2334200	2334500	Do.
2334740	2335120	Escuro.
2336060	2336820	De monstros.
2347840	2349220	de Hollywood e as séries, não é?
2349360	2351300	Tem gente que acredita nisso, gente.
2351360	2354180	A gente fica com medo do escuro, que bicho vai ter.
2354260	2357340	A visão bíblica desmistifica a natureza.
2357540	2361600	Não há nada aí que não tenha sido criado por Deus
2361600	2363220	e para o bem do homem.
2365360	2367440	A gente não precisa ter medo dessas coisas.
2367980	2371100	Outra coisa que quer ser ensinado aqui
2371100	2373000	é que o homem foi criado por Deus
2373000	2375680	e, portanto, ele não é divino, não deve ser adorado
2375680	2377780	como vocês adoraram o faraó no Egito.
2378480	2380820	E na praterra dos cananeus, onde vocês vão,
2380940	2383200	o rei é tido como filho de Deus
2383200	2386180	e tem liberdade de fazer o que ele quer na terra.
2386300	2387560	Vocês não vão fazer assim.
2388260	2391980	O homem não é autônomo e sua vida e existência dependem de Deus.
2392020	2393880	Ele não é a medida de todas as coisas.
2394680	2396260	Mas ele depende de um Criador.
2397740	2400960	Terceiro, o homem é o portador da imagem de Deus no mundo.
2401040	2402520	E eu queria que você prestasse atenção aqui.
2402960	2405880	Portanto, ele é distinto dos outros seres, já falei.
2405880	2410820	E ele tem valor e dignidade intrínsecos.
2411360	2415120	O que, biblicamente falando, o que concede ao homem
2415120	2420180	dignidade, valor e direitos civis fundamentais
2420180	2423460	como liberdade de expressão, de religião, de crença.
2424020	2428320	Não é a cor da sua pele, não é o país onde ele nasceu,
2429000	2431180	não é o tamanho da sua conta bancária,
2431320	2433700	não são os diplomas que ele obteve,
2433820	2435860	mas o fato de ele existir.
2436960	2441400	Ele é um ser humano, ele foi criado à imagem e semelhança de Deus.
2441640	2443040	E ele tem valor.
2443220	2446100	E essa é a base que os cristãos usam
2446100	2448520	para defender os direitos civis fundamentais.
2448620	2450620	As outras bases são falhas.
2450740	2454840	Se nós somos simplesmente uma espécie evoluída,
2454960	2458260	que viemos todos de um mesmo ancestral comum,
2458440	2464800	o meu valor vai depender da minha habilidade de sobreviver.
2465120	2465860	Vamos lá.
2465880	2469980	Vamos enfatizar a esperteza e a capacidade de vencer os outros
2469980	2472340	e nos manter vivos e transmitir os nossos genes
2472340	2474380	para os que vêm depois de nós.
2475920	2480680	Qual é a base que esse tipo de teoria tem para ter misericórdia com os velhos,
2481200	2485240	com os pobres, os doentes, os deficientes?
2486640	2488640	Eles acabam sendo um estorno, não é verdade?
2488720	2492280	Se a teoria da evolução, de fato, é o que guia o mundo,
2492400	2494880	porque eles servem de... é um fardo.
2495880	2497260	É uma perspectiva bíblica.
2497300	2499400	Eles têm valor, dignidade.
2499400	2501400	Eles são imagem e semelhança de Deus.
2501460	2503540	Por isso, sempre os cristãos.
2503720	2506380	E por isso a teologia de Israel do Antigo Testamento
2506380	2510200	era voltada para caridade, para boas obras, amor ao próximo,
2510260	2512700	cuidado necessitado do ófão e da viúva.
2513640	2517840	Porque o valor da pessoa não tem a ver com a cor da sua pele,
2517920	2521060	volto a dizer, o diploma que está pendurado na sua parede,
2521100	2524440	o tamanho da sua conta bancária ou o país onde ele nasceu.
2525880	2531520	Mas eles têm igualdade, valor, honra, respeito da parte de Deus.
2531600	2534760	Essa é a razão pela qual, mais adiante, Deus vai dizer,
2535420	2537540	portanto, não mate. Por quê?
2537580	2539300	Porque o homem é imagem e semelhança de Deus.
2539700	2543320	Portanto, não roube, portanto, não furte, portanto, não adultere.
2545600	2549800	Então, é o que dá a base da ética, é a visão cristã de mundo.
2550840	2553140	É o que dá uma base segura.
2553320	2556900	Eu acho tão engraçado ver gente que detona o cristianismo
2556900	2559320	e pega uma bandeira de preservação do meio ambiente.
2560840	2562660	Ué, por que preservar o meio ambiente?
2564100	2565400	As baleias queimem.
2565420	2568840	O que interessa é que eu quero abrir minha fábrica de banha de baleia.
2569180	2570980	Quero ganhar dinheiro, quero prosperar.
2572480	2576620	Mas quando a gente vê a natureza como sendo um mundinho criado por Deus para nós,
2576780	2581160	a gente tem base para fazer realmente a preservação da natureza.
2581260	2586320	Deus criou homem e mulher diferentes, embora porte a imagem de Deus.
2586320	2587460	O que é que isso significa?
2587740	2591560	Que quem instituiu o casamento foi Deus, Ele que fez macho e fêmea.
2591560	2595820	E que o casamento é heterossexual, que o casamento é monogâmico.
2595900	2598920	Ele não fez um homem e duas mulheres, nem duas mulheres ou um homem.
2599040	2600760	Nem dois homens, nem duas mulheres.
2601920	2605620	Ele fez macho e fêmea, um de cada.
2605940	2609820	E disse, multiplicai-vos, sere fecundos, enchei a terra.
2611400	2613620	A gente tem que sempre lembrar o contexto, não é?
2613720	2615120	O que é que tinha acontecido?
2615120	2624210	400 anos lá em Canaã, 400 anos ali antes daquele momento que Moisés está passando essas leis
2624210	2626010	e essa visão ali para os israelitas.
2626030	2628250	O que é que aconteceu 400 anos lá em Canaã?
2628890	2630630	A destruição de Sodoma e Gomorra.
2632090	2633350	Não é? Está lembrado?
2633590	2640550	Então, os israelitas iam entrar numa terra onde a sodomia, a prática do homossexualismo, era comum.
2641370	2646010	400 anos atrás, Deus já tinha exercido juízo naquela terra.
2646550	2654050	Por isso a ênfase, homem e mulher, criados por Deus, para multiplicar-se e encher a terra.
2656500	2664980	Quinto ponto, o homem deve explorar a criação com amor, respeito e responsabilidade, sem depredar, destruir o meio ambiente, mas preservar e usar com sabedoria.
2665120	2671480	Se tem alguém que tem base para fazer pesquisa, fazer ciência e usar tecnologia, é aquele que crê nisso.
2672620	2675240	Porque sabe que o mundo foi criado por um Deus de ordem.
2675240	2677290	Um mundo que tem propósito.
2677780	2678200	Tem um desejo.
2678220	2678700	Tem um desígnio.
2679640	2687620	Se tudo é caos, se tudo é acaso, falta uma base epistemológica para a gente fazer ciência e fazer tecnologia.
2688480	2695740	Mas porque o mundo foi criado por um Deus de ordem, de princípios e de leis, a gente está garantido para fazer isso.
2695800	2698180	A gente está entusiasmado para fazer esse tipo de coisa.
2698780	2703260	A criação original era perfeita, bela, boa, conforme Deus é.
2703900	2706240	E aqui eu já estou adiantando o que é que vem pela frente.
2706420	2708200	O mal, a morte, dor, doença.
2708200	2711880	Sofrimento, catástrofe não faziam parte da criação original.
2712020	2714600	Deus viu o que tinha feito e era muito bom.
2715060	2721480	Algo aconteceu que maculou, manchou, afetou terrivelmente a criação, o ser humano.
2721660	2724520	É o que veremos no capítulo 3 de Gênesis.
2724720	2729400	Mas por enquanto, o primeiro homem e a primeira mulher existiram.
2729820	2732000	São de fato históricos.
2732000	2736100	Não míticos, não simbólicos, não metafóricos e nem emblemáticos.
2736220	2737540	Isso aqui é muito importante.
2737540	2743180	O ser humano, os animais, os peixes, as aves não procedem mais uma vez de um ancestral comum.
2744200	2746000	Adão e Eva eram reais.
2747260	2754080	E eu digo isso em contraste à teoria da evolução que nega a historicidade do relato de Gênesis.
2754080	2754640	Eu posso entender.
2754900	2761380	Mas também existem pessoas que se declaram cristãos que querem abraçar o evolucionismo
2761380	2765660	e que dizem que Adão e Eva não foram os primeiros a serem criados.
2766220	2769840	Ou que então eles são emblemáticos da raça humana e assim por diante.
2769960	2774640	Se esse relato aqui não for histórico, não precisava a vinda de Cristo,
2774840	2778300	não precisava a morte dele na cruz e nem a sua ressurreição.
2778420	2783020	Tudo isso aqui prepara o cenário para que o filho de Deus, Jesus Cristo,
2783280	2789220	aquele que é a exata expressão do seu ser, a imagem perfeita da divindade da humanidade,
2789320	2792200	um dia pisasse em nossa terra.
2792620	2794960	Para restaurar a imagem de Deus em nós.
2795660	2799000	E para liderar a nova criação a ser feita por Deus.
2799600	2803380	Queridos, meditem nessa palavra, como é importante para os nossos dias
2803380	2806680	em que questões ideológicas estão em todo lugar,
2806860	2810360	que acossam você na universidade, nas redes sociais,
2810780	2814720	nos meios de comunicação, nas conversas de amigos.
2814940	2817900	É importante que você tenha a explicação da razão.
2817900	2819060	Por que é que nós cremos assim?
2819240	2821660	Por que é que nós não podemos adotar determinada agenda?
2822000	2825040	Por que é que determinados posicionamentos ideológicos
2825040	2828400	e políticos, eles não podem, o cristão não pode acertar
2828400	2831680	ou não pode aceitar esse tipo de orientação, de ideia,
2831800	2834820	uma vez que vai contra o princípio de todas as coisas.
2834920	2837900	O livro de Gênesis nos dá a base para o resto da Bíblia
2839760	2843220	e para aquilo que nós cremos e aquilo que nós professamos.
2844420	2848640	Precisamos de coragem para manter a nossa confiança.
2850200	2854980	Porque não são poucos os que desejam, sempre desejaram, desacreditar o cristão.
2855540	2858560	Em nome da pseudo, em nome da ciência,
2858560	2860520	quando na verdade é um pseudo-cientificismo.
